txn_id,customer_id,product_id,qty,txn_date,payment_status
T001,C01,P01,1,2025-01-05,PAID
T002,C02,P02,2,2025-01-05,PAID
T003,C03,P03,1,2025-01-06,PAID
T004,C01,P02,3,2025-01-06,PAID
T005,C04,P01,1,2025-01-07,FAILED
T006,C02,P04,-1,2025-01-07,PAID
T007,,P01,1,2025-01-07,PAID
T008,C05,P99,2,2025-01-08,PAID
T009,C03,P03,2,not-a-date,PAID
T010,C01,P04,1,2025-01-08,PAID
T010,C01,P04,1,2025-01-08,PAID
T011,C05,P05,4,2025-02-01,PAID
T012,C04,P02,2,2025-02-01,PAID
T013,C02,P01,1,2025-02-02,PAID
T014,C03,P05,0,2025-02-02,PAID
T015,C01,P03,2,2025-02-03,PAID
